﻿english_short_name,french_short_name,alpha_2_code,alpha_3_code,numeric ,simple_name,source
Afghanistan,Afghanistan (l'),AF,AFG,4,Afghanistan,https://www.iso.org/obp/ui/#search
Albania,Albanie (l'),AL,ALB,8,Albania,https://www.iso.org/obp/ui/#search
Algeria,Algérie (l'),DZ,DZA,12,Algeria,https://www.iso.org/obp/ui/#search
American Samoa,Samoa américaines (les),AS,ASM,16,American Samoa,https://www.iso.org/obp/ui/#search
Andorra,Andorre (l'),AD,AND,20,Andorra,https://www.iso.org/obp/ui/#search
Angola,Angola (l'),AO,AGO,24,Angola,https://www.iso.org/obp/ui/#search
Anguilla,Anguilla,AI,AIA,660,Anguilla,https://www.iso.org/obp/ui/#search
Antarctica,Antarctique (l'),AQ,ATA,10,Antarctica,https://www.iso.org/obp/ui/#search
Antigua and Barbuda,Antigua-et-Barbuda,AG,ATG,28,Antigua and Barbuda,https://www.iso.org/obp/ui/#search
Argentina,Argentine (l'),AR,ARG,32,Argentina,https://www.iso.org/obp/ui/#search
Armenia,Arménie (l'),AM,ARM,51,Armenia,https://www.iso.org/obp/ui/#search
Aruba,Aruba,AW,ABW,533,Aruba,https://www.iso.org/obp/ui/#search
Australia,Australie (l'),AU,AUS,36,Australia,https://www.iso.org/obp/ui/#search
Austria,Autriche (l'),AT,AUT,40,Austria,https://www.iso.org/obp/ui/#search
Azerbaijan,Azerbaïdjan (l'),AZ,AZE,31,Azerbaijan,https://www.iso.org/obp/ui/#search
Bahamas (the),Bahamas (les),BS,BHS,44,Bahamas (the),https://www.iso.org/obp/ui/#search
Bahrain,Bahreïn,BH,BHR,48,Bahrain,https://www.iso.org/obp/ui/#search
Bangladesh,Bangladesh (le),BD,BGD,50,Bangladesh,https://www.iso.org/obp/ui/#search
Barbados,Barbade (la),BB,BRB,52,Barbados,https://www.iso.org/obp/ui/#search
Belarus,Bélarus (le),BY,BLR,112,Belarus,https://www.iso.org/obp/ui/#search
Belgium,Belgique (la),BE,BEL,56,Belgium,https://www.iso.org/obp/ui/#search
Belize,Belize (le),BZ,BLZ,84,Belize,https://www.iso.org/obp/ui/#search
Benin,Bénin (le),BJ,BEN,204,Benin,https://www.iso.org/obp/ui/#search
Bermuda,Bermudes (les),BM,BMU,60,Bermuda,https://www.iso.org/obp/ui/#search
Bhutan,Bhoutan (le),BT,BTN,64,Bhutan,https://www.iso.org/obp/ui/#search
Bolivia (Plurinational State of),Bolivie (État plurinational de),BO,BOL,68,Bolivia (Plurinational State of),https://www.iso.org/obp/ui/#search
"Bonaire, Sint Eustatius and Saba","Bonaire, Saint-Eustache et Saba",BQ,BES,535,"Bonaire, Sint Eustatius and Saba",https://www.iso.org/obp/ui/#search
Bosnia and Herzegovina,Bosnie-Herzégovine (la),BA,BIH,70,Bosnia and Herzegovina,https://www.iso.org/obp/ui/#search
Botswana,Botswana (le),BW,BWA,72,Botswana,https://www.iso.org/obp/ui/#search
Bouvet Island,Bouvet (l'Île),BV,BVT,74,Bouvet Island,https://www.iso.org/obp/ui/#search
Brazil,Brésil (le),BR,BRA,76,Brazil,https://www.iso.org/obp/ui/#search
British Indian Ocean Territory (the),Indien (le Territoire britannique de l'océan),IO,IOT,86,British Indian Ocean Territory (the),https://www.iso.org/obp/ui/#search
Brunei Darussalam,Brunéi Darussalam (le),BN,BRN,96,Brunei Darussalam,https://www.iso.org/obp/ui/#search
Bulgaria,Bulgarie (la),BG,BGR,100,Bulgaria,https://www.iso.org/obp/ui/#search
Burkina Faso,Burkina Faso (le),BF,BFA,854,Burkina Faso,https://www.iso.org/obp/ui/#search
Burundi,Burundi (le),BI,BDI,108,Burundi,https://www.iso.org/obp/ui/#search
Cabo Verde,Cabo Verde,CV,CPV,132,Cabo Verde,https://www.iso.org/obp/ui/#search
Cambodia,Cambodge (le),KH,KHM,116,Cambodia,https://www.iso.org/obp/ui/#search
Cameroon,Cameroun (le),CM,CMR,120,Cameroon,https://www.iso.org/obp/ui/#search
Canada,Canada (le),CA,CAN,124,Canada,https://www.iso.org/obp/ui/#search
Cayman Islands (the),Caïmans (les Îles),KY,CYM,136,Cayman Islands (the),https://www.iso.org/obp/ui/#search
Central African Republic (the),République centrafricaine (la),CF,CAF,140,Central African Republic (the),https://www.iso.org/obp/ui/#search
Chad,Tchad (le),TD,TCD,148,Chad,https://www.iso.org/obp/ui/#search
Chile,Chili (le),CL,CHL,152,Chile,https://www.iso.org/obp/ui/#search
China,Chine (la),CN,CHN,156,China,https://www.iso.org/obp/ui/#search
Christmas Island,Christmas (l'Île),CX,CXR,162,Christmas Island,https://www.iso.org/obp/ui/#search
Cocos (Keeling) Islands (the),Cocos (les Îles)/ Keeling (les Îles),CC,CCK,166,Cocos (Keeling) Islands (the),https://www.iso.org/obp/ui/#search
Colombia,Colombie (la),CO,COL,170,Colombia,https://www.iso.org/obp/ui/#search
Comoros (the),Comores (les),KM,COM,174,Comoros (the),https://www.iso.org/obp/ui/#search
Congo (the Democratic Republic of the),Congo (la République démocratique du),CD,COD,180,Congo (the Democratic Republic of the),https://www.iso.org/obp/ui/#search
Congo (the),Congo (le),CG,COG,178,Congo (the),https://www.iso.org/obp/ui/#search
Cook Islands (the),Cook (les Îles),CK,COK,184,Cook Islands (the),https://www.iso.org/obp/ui/#search
Costa Rica,Costa Rica (le),CR,CRI,188,Costa Rica,https://www.iso.org/obp/ui/#search
Croatia,Croatie (la),HR,HRV,191,Croatia,https://www.iso.org/obp/ui/#search
Cuba,Cuba,CU,CUB,192,Cuba,https://www.iso.org/obp/ui/#search
Curacao,Curaçao,CW,CUW,531,Curacao,https://www.iso.org/obp/ui/#search
Cyprus,Chypre,CY,CYP,196,Cyprus,https://www.iso.org/obp/ui/#search
Czechia,Tchéquie (la),CZ,CZE,203,Czechia,https://www.iso.org/obp/ui/#search
Cote d'Ivoire,Côte d'Ivoire (la),CI,CIV,384,Cote d'Ivoire,https://www.iso.org/obp/ui/#search
Denmark,Danemark (le),DK,DNK,208,Denmark,https://www.iso.org/obp/ui/#search
Djibouti,Djibouti,DJ,DJI,262,Djibouti,https://www.iso.org/obp/ui/#search
Dominica,Dominique (la),DM,DMA,212,Dominica,https://www.iso.org/obp/ui/#search
Dominican Republic (the),dominicaine (la République),DO,DOM,214,Dominican Republic (the),https://www.iso.org/obp/ui/#search
Ecuador,Équateur (l'),EC,ECU,218,Ecuador,https://www.iso.org/obp/ui/#search
Egypt,Égypte (l'),EG,EGY,818,Egypt,https://www.iso.org/obp/ui/#search
El Salvador,El Salvador,SV,SLV,222,El Salvador,https://www.iso.org/obp/ui/#search
Equatorial Guinea,Guinée équatoriale (la),GQ,GNQ,226,Equatorial Guinea,https://www.iso.org/obp/ui/#search
Eritrea,Érythrée (l'),ER,ERI,232,Eritrea,https://www.iso.org/obp/ui/#search
Estonia,Estonie (l'),EE,EST,233,Estonia,https://www.iso.org/obp/ui/#search
Eswatini,Eswatini (l'),SZ,SWZ,748,Eswatini,https://www.iso.org/obp/ui/#search
Ethiopia,Éthiopie (l'),ET,ETH,231,Ethiopia,https://www.iso.org/obp/ui/#search
Falkland Islands (the) [Malvinas],Falkland (les Îles)/Malouines (les Îles),FK,FLK,238,Falkland Islands (the) [Malvinas],https://www.iso.org/obp/ui/#search
Faroe Islands (the),Féroé (les Îles),FO,FRO,234,Faroe Islands (the),https://www.iso.org/obp/ui/#search
Fiji,Fidji (les),FJ,FJI,242,Fiji,https://www.iso.org/obp/ui/#search
Finland,Finlande (la),FI,FIN,246,Finland,https://www.iso.org/obp/ui/#search
France,France (la),FR,FRA,250,France,https://www.iso.org/obp/ui/#search
French Guiana,Guyane française (la ),GF,GUF,254,French Guiana,https://www.iso.org/obp/ui/#search
French Polynesia,Polynésie française (la),PF,PYF,258,French Polynesia,https://www.iso.org/obp/ui/#search
French Southern Territories (the),Terres australes françaises (les),TF,ATF,260,French Southern Territories (the),https://www.iso.org/obp/ui/#search
Gabon,Gabon (le),GA,GAB,266,Gabon,https://www.iso.org/obp/ui/#search
Gambia (the),Gambie (la),GM,GMB,270,Gambia (the),https://www.iso.org/obp/ui/#search
Georgia,Géorgie (la),GE,GEO,268,Georgia,https://www.iso.org/obp/ui/#search
Germany,Allemagne (l'),DE,DEU,276,Germany,https://www.iso.org/obp/ui/#search
Ghana,Ghana (le),GH,GHA,288,Ghana,https://www.iso.org/obp/ui/#search
Gibraltar,Gibraltar,GI,GIB,292,Gibraltar,https://www.iso.org/obp/ui/#search
Greece,Grèce (la),GR,GRC,300,Greece,https://www.iso.org/obp/ui/#search
Greenland,Groenland (le),GL,GRL,304,Greenland,https://www.iso.org/obp/ui/#search
Grenada,Grenade (la),GD,GRD,308,Grenada,https://www.iso.org/obp/ui/#search
Guadeloupe,Guadeloupe (la),GP,GLP,312,Guadeloupe,https://www.iso.org/obp/ui/#search
Guam,Guam,GU,GUM,316,Guam,https://www.iso.org/obp/ui/#search
Guatemala,Guatemala (le),GT,GTM,320,Guatemala,https://www.iso.org/obp/ui/#search
Guernsey,Guernesey,GG,GGY,831,Guernsey,https://www.iso.org/obp/ui/#search
Guinea,Guinée (la),GN,GIN,324,Guinea,https://www.iso.org/obp/ui/#search
Guinea-Bissau,Guinée-Bissau (la),GW,GNB,624,Guinea-Bissau,https://www.iso.org/obp/ui/#search
Guyana,Guyana (le),GY,GUY,328,Guyana,https://www.iso.org/obp/ui/#search
Haiti,Haïti,HT,HTI,332,Haiti,https://www.iso.org/obp/ui/#search
Heard Island and McDonald Islands,Heard-et-Îles MacDonald (l'Île),HM,HMD,334,Heard Island and McDonald Islands,https://www.iso.org/obp/ui/#search
Holy See (the),Saint-Siège (le),VA,VAT,336,Holy See (the),https://www.iso.org/obp/ui/#search
Honduras,Honduras (le),HN,HND,340,Honduras,https://www.iso.org/obp/ui/#search
Hong Kong,Hong Kong,HK,HKG,344,Hong Kong,https://www.iso.org/obp/ui/#search
Hungary,Hongrie (la),HU,HUN,348,Hungary,https://www.iso.org/obp/ui/#search
Iceland,Islande (l'),IS,ISL,352,Iceland,https://www.iso.org/obp/ui/#search
India,Inde (l'),IN,IND,356,India,https://www.iso.org/obp/ui/#search
Indonesia,Indonésie (l'),ID,IDN,360,Indonesia,https://www.iso.org/obp/ui/#search
Iran (Islamic Republic of),Iran (République Islamique d'),IR,IRN,364,Iran (Islamic Republic of),https://www.iso.org/obp/ui/#search
Iraq,Iraq (l'),IQ,IRQ,368,Iraq,https://www.iso.org/obp/ui/#search
Ireland,Irlande (l'),IE,IRL,372,Ireland,https://www.iso.org/obp/ui/#search
Isle of Man,Île de Man,IM,IMN,833,Isle of Man,https://www.iso.org/obp/ui/#search
Israel,Israël,IL,ISR,376,Israel,https://www.iso.org/obp/ui/#search
Italy,Italie (l'),IT,ITA,380,Italy,https://www.iso.org/obp/ui/#search
Jamaica,Jamaïque (la),JM,JAM,388,Jamaica,https://www.iso.org/obp/ui/#search
Japan,Japon (le),JP,JPN,392,Japan,https://www.iso.org/obp/ui/#search
Jersey,Jersey,JE,JEY,832,Jersey,https://www.iso.org/obp/ui/#search
Jordan,Jordanie (la),JO,JOR,400,Jordan,https://www.iso.org/obp/ui/#search
Kazakhstan,Kazakhstan (le),KZ,KAZ,398,Kazakhstan,https://www.iso.org/obp/ui/#search
Kenya,Kenya (le),KE,KEN,404,Kenya,https://www.iso.org/obp/ui/#search
Kiribati,Kiribati,KI,KIR,296,Kiribati,https://www.iso.org/obp/ui/#search
Korea (the Democratic People's Republic of),Corée (la République populaire démocratique de),KP,PRK,408,Korea (the Democratic People's Republic of),https://www.iso.org/obp/ui/#search
Korea (the Republic of),Corée (la République de),KR,KOR,410,Korea (the Republic of),https://www.iso.org/obp/ui/#search
Kuwait,Koweït (le),KW,KWT,414,Kuwait,https://www.iso.org/obp/ui/#search
Kyrgyzstan,Kirghizistan (le),KG,KGZ,417,Kyrgyzstan,https://www.iso.org/obp/ui/#search
Lao People's Democratic Republic (the),Lao (la République démocratique populaire),LA,LAO,418,Lao People's Democratic Republic (the),https://www.iso.org/obp/ui/#search
Latvia,Lettonie (la),LV,LVA,428,Latvia,https://www.iso.org/obp/ui/#search
Lebanon,Liban (le),LB,LBN,422,Lebanon,https://www.iso.org/obp/ui/#search
Lesotho,Lesotho (le),LS,LSO,426,Lesotho,https://www.iso.org/obp/ui/#search
Liberia,Libéria (le),LR,LBR,430,Liberia,https://www.iso.org/obp/ui/#search
Libya,Libye (la),LY,LBY,434,Libya,https://www.iso.org/obp/ui/#search
Liechtenstein,Liechtenstein (le),LI,LIE,438,Liechtenstein,https://www.iso.org/obp/ui/#search
Lithuania,Lituanie (la),LT,LTU,440,Lithuania,https://www.iso.org/obp/ui/#search
Luxembourg,Luxembourg (le),LU,LUX,442,Luxembourg,https://www.iso.org/obp/ui/#search
Macao,Macao,MO,MAC,446,Macao,https://www.iso.org/obp/ui/#search
Madagascar,Madagascar,MG,MDG,450,Madagascar,https://www.iso.org/obp/ui/#search
Malawi,Malawi (le),MW,MWI,454,Malawi,https://www.iso.org/obp/ui/#search
Malaysia,Malaisie (la),MY,MYS,458,Malaysia,https://www.iso.org/obp/ui/#search
Maldives,Maldives (les),MV,MDV,462,Maldives,https://www.iso.org/obp/ui/#search
Mali,Mali (le),ML,MLI,466,Mali,https://www.iso.org/obp/ui/#search
Malta,Malte,MT,MLT,470,Malta,https://www.iso.org/obp/ui/#search
Marshall Islands (the),Marshall (les Îles),MH,MHL,584,Marshall Islands (the),https://www.iso.org/obp/ui/#search
Martinique,Martinique (la),MQ,MTQ,474,Martinique,https://www.iso.org/obp/ui/#search
Mauritania,Mauritanie (la),MR,MRT,478,Mauritania,https://www.iso.org/obp/ui/#search
Mauritius,Maurice,MU,MUS,480,Mauritius,https://www.iso.org/obp/ui/#search
Mayotte,Mayotte,YT,MYT,175,Mayotte,https://www.iso.org/obp/ui/#search
Mexico,Mexique (le),MX,MEX,484,Mexico,https://www.iso.org/obp/ui/#search
Micronesia (Federated States of),Micronésie (États fédérés de),FM,FSM,583,Micronesia (Federated States of),https://www.iso.org/obp/ui/#search
Moldova (the Republic of),Moldova (la République de),MD,MDA,498,Moldova (the Republic of),https://www.iso.org/obp/ui/#search
Monaco,Monaco,MC,MCO,492,Monaco,https://www.iso.org/obp/ui/#search
Mongolia,Mongolie (la),MN,MNG,496,Mongolia,https://www.iso.org/obp/ui/#search
Montenegro,Monténégro (le),ME,MNE,499,Montenegro,https://www.iso.org/obp/ui/#search
Montserrat,Montserrat,MS,MSR,500,Montserrat,https://www.iso.org/obp/ui/#search
Morocco,Maroc (le),MA,MAR,504,Morocco,https://www.iso.org/obp/ui/#search
Mozambique,Mozambique (le),MZ,MOZ,508,Mozambique,https://www.iso.org/obp/ui/#search
Myanmar,Myanmar (le),MM,MMR,104,Myanmar,https://www.iso.org/obp/ui/#search
Namibia,Namibie (la),NA,NAM,516,Namibia,https://www.iso.org/obp/ui/#search
Nauru,Nauru,NR,NRU,520,Nauru,https://www.iso.org/obp/ui/#search
Nepal,Népal (le),NP,NPL,524,Nepal,https://www.iso.org/obp/ui/#search
Netherlands (Kingdom of the),Pays-Bas (Royaume des),NL,NLD,528,Netherlands (Kingdom of the),https://www.iso.org/obp/ui/#search
New Caledonia,Nouvelle-Calédonie (la),NC,NCL,540,New Caledonia,https://www.iso.org/obp/ui/#search
New Zealand,Nouvelle-Zélande (la),NZ,NZL,554,New Zealand,https://www.iso.org/obp/ui/#search
Nicaragua,Nicaragua (le),NI,NIC,558,Nicaragua,https://www.iso.org/obp/ui/#search
Niger (the),Niger (le),NE,NER,562,Niger (the),https://www.iso.org/obp/ui/#search
Nigeria,Nigéria (le),NG,NGA,566,Nigeria,https://www.iso.org/obp/ui/#search
Niue,Niue,NU,NIU,570,Niue,https://www.iso.org/obp/ui/#search
Norfolk Island,Norfolk (l'Île),NF,NFK,574,Norfolk Island,https://www.iso.org/obp/ui/#search
North Macedonia,Macédoine du Nord (la),MK,MKD,807,North Macedonia,https://www.iso.org/obp/ui/#search
Northern Mariana Islands (the),Mariannes du Nord (les Îles),MP,MNP,580,Northern Mariana Islands (the),https://www.iso.org/obp/ui/#search
Norway,Norvège (la),NO,NOR,578,Norway,https://www.iso.org/obp/ui/#search
Oman,Oman,OM,OMN,512,Oman,https://www.iso.org/obp/ui/#search
Pakistan,Pakistan (le),PK,PAK,586,Pakistan,https://www.iso.org/obp/ui/#search
Palau,Palaos (les),PW,PLW,585,Palau,https://www.iso.org/obp/ui/#search
"Palestine, State of","Palestine, État de",PS,PSE,275,"Palestine, State of",https://www.iso.org/obp/ui/#search
Panama,Panama (le),PA,PAN,591,Panama,https://www.iso.org/obp/ui/#search
Papua New Guinea,Papouasie-Nouvelle-Guinée (la),PG,PNG,598,Papua New Guinea,https://www.iso.org/obp/ui/#search
Paraguay,Paraguay (le),PY,PRY,600,Paraguay,https://www.iso.org/obp/ui/#search
Peru,Pérou (le),PE,PER,604,Peru,https://www.iso.org/obp/ui/#search
Philippines (the),Philippines (les),PH,PHL,608,Philippines (the),https://www.iso.org/obp/ui/#search
Pitcairn,Pitcairn,PN,PCN,612,Pitcairn,https://www.iso.org/obp/ui/#search
Poland,Pologne (la),PL,POL,616,Poland,https://www.iso.org/obp/ui/#search
Portugal,Portugal (le),PT,PRT,620,Portugal,https://www.iso.org/obp/ui/#search
Puerto Rico,Porto Rico,PR,PRI,630,Puerto Rico,https://www.iso.org/obp/ui/#search
Qatar,Qatar (le),QA,QAT,634,Qatar,https://www.iso.org/obp/ui/#search
Romania,Roumanie (la),RO,ROU,642,Romania,https://www.iso.org/obp/ui/#search
Russian Federation (the),Russie (la Fédération de),RU,RUS,643,Russian Federation (the),https://www.iso.org/obp/ui/#search
Rwanda,Rwanda (le),RW,RWA,646,Rwanda,https://www.iso.org/obp/ui/#search
Reunion,Réunion (La),RE,REU,638,Reunion,https://www.iso.org/obp/ui/#search
Saint Barthelemy,Saint-Barthélemy,BL,BLM,652,Saint Barthelemy,https://www.iso.org/obp/ui/#search
"Saint Helena, Ascension and Tristan da Cunha","Sainte-Hélène, Ascension et Tristan da Cunha",SH,SHN,654,"Saint Helena, Ascension and Tristan da Cunha",https://www.iso.org/obp/ui/#search
Saint Kitts and Nevis,Saint-Kitts-et-Nevis,KN,KNA,659,Saint Kitts and Nevis,https://www.iso.org/obp/ui/#search
Saint Lucia,Sainte-Lucie,LC,LCA,662,Saint Lucia,https://www.iso.org/obp/ui/#search
Saint Martin (French part),Saint-Martin (partie française),MF,MAF,663,Saint Martin (French part),https://www.iso.org/obp/ui/#search
Saint Pierre and Miquelon,Saint-Pierre-et-Miquelon,PM,SPM,666,Saint Pierre and Miquelon,https://www.iso.org/obp/ui/#search
Saint Vincent and the Grenadines,Saint-Vincent-et-les Grenadines,VC,VCT,670,Saint Vincent and the Grenadines,https://www.iso.org/obp/ui/#search
Samoa,Samoa (le),WS,WSM,882,Samoa,https://www.iso.org/obp/ui/#search
San Marino,Saint-Marin,SM,SMR,674,San Marino,https://www.iso.org/obp/ui/#search
Sao Tome and Principe,Sao Tomé-et-Principe,ST,STP,678,Sao Tome and Principe,https://www.iso.org/obp/ui/#search
Saudi Arabia,Arabie saoudite (l'),SA,SAU,682,Saudi Arabia,https://www.iso.org/obp/ui/#search
Senegal,Sénégal (le),SN,SEN,686,Senegal,https://www.iso.org/obp/ui/#search
Serbia,Serbie (la),RS,SRB,688,Serbia,https://www.iso.org/obp/ui/#search
Seychelles,Seychelles (les),SC,SYC,690,Seychelles,https://www.iso.org/obp/ui/#search
Sierra Leone,Sierra Leone (la),SL,SLE,694,Sierra Leone,https://www.iso.org/obp/ui/#search
Singapore,Singapour,SG,SGP,702,Singapore,https://www.iso.org/obp/ui/#search
Sint Maarten (Dutch part),Saint-Martin (partie néerlandaise),SX,SXM,534,Sint Maarten (Dutch part),https://www.iso.org/obp/ui/#search
Slovakia,Slovaquie (la),SK,SVK,703,Slovakia,https://www.iso.org/obp/ui/#search
Slovenia,Slovénie (la),SI,SVN,705,Slovenia,https://www.iso.org/obp/ui/#search
Solomon Islands,Salomon (les Îles),SB,SLB,90,Solomon Islands,https://www.iso.org/obp/ui/#search
Somalia,Somalie (la),SO,SOM,706,Somalia,https://www.iso.org/obp/ui/#search
South Africa,Afrique du Sud (l'),ZA,ZAF,710,South Africa,https://www.iso.org/obp/ui/#search
South Georgia and the South Sandwich Islands,Géorgie du Sud-et-les Îles Sandwich du Sud (la),GS,SGS,239,South Georgia and the South Sandwich Islands,https://www.iso.org/obp/ui/#search
South Sudan,Soudan du Sud (le),SS,SSD,728,South Sudan,https://www.iso.org/obp/ui/#search
Spain,Espagne (l'),ES,ESP,724,Spain,https://www.iso.org/obp/ui/#search
Sri Lanka,Sri Lanka,LK,LKA,144,Sri Lanka,https://www.iso.org/obp/ui/#search
Sudan (the),Soudan (le),SD,SDN,729,Sudan (the),https://www.iso.org/obp/ui/#search
Suriname,Suriname (le),SR,SUR,740,Suriname,https://www.iso.org/obp/ui/#search
Svalbard and Jan Mayen,Svalbard et l'Île Jan Mayen (le),SJ,SJM,744,Svalbard and Jan Mayen,https://www.iso.org/obp/ui/#search
Sweden,Suède (la),SE,SWE,752,Sweden,https://www.iso.org/obp/ui/#search
Switzerland,Suisse (la),CH,CHE,756,Switzerland,https://www.iso.org/obp/ui/#search
Syrian Arab Republic (the),République arabe syrienne (la),SY,SYR,760,Syrian Arab Republic (the),https://www.iso.org/obp/ui/#search
Taiwan (Province of China),Taïwan (Province de Chine),TW,TWN,158,Taiwan (Province of China),https://www.iso.org/obp/ui/#search
Tajikistan,Tadjikistan (le),TJ,TJK,762,Tajikistan,https://www.iso.org/obp/ui/#search
"Tanzania, the United Republic of",Tanzanie (la République-Unie de),TZ,TZA,834,"Tanzania, the United Republic of",https://www.iso.org/obp/ui/#search
Thailand,Thaïlande (la),TH,THA,764,Thailand,https://www.iso.org/obp/ui/#search
Timor-Leste,Timor-Leste (le),TL,TLS,626,Timor-Leste,https://www.iso.org/obp/ui/#search
Togo,Togo (le),TG,TGO,768,Togo,https://www.iso.org/obp/ui/#search
Tokelau,Tokelau (les),TK,TKL,772,Tokelau,https://www.iso.org/obp/ui/#search
Tonga,Tonga (les),TO,TON,776,Tonga,https://www.iso.org/obp/ui/#search
Trinidad and Tobago,Trinité-et-Tobago (la),TT,TTO,780,Trinidad and Tobago,https://www.iso.org/obp/ui/#search
Tunisia,Tunisie (la),TN,TUN,788,Tunisia,https://www.iso.org/obp/ui/#search
Turkmenistan,Turkménistan (le),TM,TKM,795,Turkmenistan,https://www.iso.org/obp/ui/#search
Turks and Caicos Islands (the),Turks-et-Caïcos (les Îles),TC,TCA,796,Turks and Caicos Islands (the),https://www.iso.org/obp/ui/#search
Tuvalu,Tuvalu (les),TV,TUV,798,Tuvalu,https://www.iso.org/obp/ui/#search
Turkiye,Turkiye (la),TR,TUR,792,Turkiye,https://www.iso.org/obp/ui/#search
Uganda,Ouganda (l'),UG,UGA,800,Uganda,https://www.iso.org/obp/ui/#search
Ukraine,Ukraine (l'),UA,UKR,804,Ukraine,https://www.iso.org/obp/ui/#search
United Arab Emirates (the),Émirats arabes unis (les),AE,ARE,784,United Arab Emirates (the),https://www.iso.org/obp/ui/#search
United Kingdom of Great Britain and Northern Ireland (the),Royaume-Uni de Grande-Bretagne et d'Irlande du Nord (le),GB,GBR,826,United Kingdom,https://www.iso.org/obp/ui/#search
United States Minor Outlying Islands (the),Îles mineures éloignées des États-Unis (les),UM,UMI,581,Outlying Islands (USA),https://www.iso.org/obp/ui/#search
United States of America (the),États-Unis d'Amérique (les),US,USA,840,USA,https://www.iso.org/obp/ui/#search
Uruguay,Uruguay (l'),UY,URY,858,Uruguay,https://www.iso.org/obp/ui/#search
Uzbekistan,Ouzbékistan (l'),UZ,UZB,860,Uzbekistan,https://www.iso.org/obp/ui/#search
Vanuatu,Vanuatu (le),VU,VUT,548,Vanuatu,https://www.iso.org/obp/ui/#search
Venezuela (Bolivarian Republic of),Venezuela (République bolivarienne du),VE,VEN,862,Venezuela,https://www.iso.org/obp/ui/#search
Viet Nam,Viet Nam (le),VN,VNM,704,Viet Nam,https://www.iso.org/obp/ui/#search
Virgin Islands (British),Vierges britanniques (les Îles),VG,VGB,92,Virgin Islands (British),https://www.iso.org/obp/ui/#search
Virgin Islands (U.S.),Vierges des États-Unis (les Îles),VI,VIR,850,Virgin Islands (U.S.),https://www.iso.org/obp/ui/#search
Wallis and Futuna,Wallis-et-Futuna,WF,WLF,876,Wallis and Futuna,https://www.iso.org/obp/ui/#search
Western Sahara*,Sahara occidental (le)*,EH,ESH,732,Western Sahara*,https://www.iso.org/obp/ui/#search
Yemen,Yémen (le),YE,YEM,887,Yemen,https://www.iso.org/obp/ui/#search
Zambia,Zambie (la),ZM,ZMB,894,Zambia,https://www.iso.org/obp/ui/#search
Zimbabwe,Zimbabwe (le),ZW,ZWE,716,Zimbabwe,https://www.iso.org/obp/ui/#search
Aland Islands,Åland(les Îles),AX,ALA,248,Aland Islands,https://www.iso.org/obp/ui/#search
